{"graph": {"_type": "graph-file", "path": "media/graph/graph_summary_485b6120.graph.json", "sha256": "485b61201116bb8d1f88b7233a701f10575d36e883707d82acad1ca07aa3b127", "size": 720}, "val_loss": 65.56238177285266, "_runtime": 846.1634101867676, "epoch": 49, "mse": 36.680267333984375, "mae": 4.543656826019287, "val_mse": 65.56238555908203, "_timestamp": 1582225120.675555, "_step": 49, "val_mae": 5.902442932128906, "loss": 36.68026556792083, "best_val_loss": 65.56238177285266, "best_epoch": 49}
